{
    "lines": [
        {
            "subsidiary": "2",
            "date": "21/02/2024",
            "account": "512",
            "debit": "500",
            "credit": "0",
            "memo": "Glosa Cabecera",
            "class": "1",
            "department": "6",
            "location": "5",
            "memolinea": "Glosa Línea",
            "moneda": "US Dollar"
        },
        {
            "subsidiary": "2",
            "date": "21/02/2024",
            "account": "512",
            "debit": "0",
            "credit": "500",
            "memo": "Glosa Cabecera",
            "class": "1",
            "department": "6",
            "location": "5",
            "memolinea": "Glosa Línea",
            "moneda": "US Dollar"
        }
    ]
}