{
    "internalid": "65771",
    "recordtype": "vendorbill",
    "Line ID": "0",
    "mainline": "*",
    "tranid": "LIQ001001000000103",
    "documentType": "03 Liquidación de compra de Bienes o Prestación de servicios",
    "documentTypeCode": "03",
    "serie": "001001",
    "preprint": "000000103",
    "total": "480.82",
    "location": "Guayaquil",
    "paymentMethod": "01",
    "date": "23/02/2024",
    "duedate": "23/02/2024",
    "terms": "",
    "vendor": "1294",
    "currency": "DOLAR",
    "period": "02/2024",
    "subsidiaryName": "Parent Company : CARSEG Ecuador",
    "subsidiaryLegalName": "Carro Seguro CARSEG S.A.",
    "subsidiaryAddress": "CDLA.VERNAZA NORTE MZ.10 SOLAR 19",
    "subsidiaryFederalNumber": "0991259546001",
    "subsidiaryEmail": "",
    "vendorSpecialTaxPayer": "",
    "vendorObligatedToAccountFor": "SI",
    "vendorDocumentTypeCode": "05",
    "vendorName": "MARTHA MORENO CEDEÑO",
    "vendorDocumentNumber": "0919787309",
    "vendorEmail": "marthamorenoce@gmail.com",
    "phone": "+593125896325",
    "address1": "cl libertad 122",
    "city1": "",
    "address": "cl libertad 122",
    "city": "San Jose Del Tambo (Tambopamba)",
    "items": [
        {
            "account": "1434",
            "code": "",
            "detail": "LIQUIDACION DE COMPRA ARRIENDO",
            "quantity": "",
            "rate": "",
            "amount": "480.82",
            "taxAmount": "",
            "grossAmount": "480.82",
            "type": "",
            "taxRate": "",
            "taxName": "",
            "taxCode": "",
            "taxRateCode": "",
            "isWithholdingLine": ""
        },
        {
            "account": "1108",
            "code": "1",
            "detail": "SERVICIO GRABA IVA",
            "quantity": "1",
            "rate": "450.00",
            "amount": "450.00",
            "taxAmount": "54.00",
            "grossAmount": "450.00",
            "type": "Service",
            "taxRate": "12",
            "taxName": "IVA",
            "taxCode": "2",
            "taxRateCode": "2",
            "isWithholdingLine": ""
        },
        {
            "account": "1108",
            "code": "1",
            "detail": "SERVICIO GRABA IVA",
            "quantity": "1",
            "rate": "450.00",
            "amount": "450.00",
            "taxAmount": "54.00",
            "grossAmount": "450.00",
            "type": "Service",
            "taxRate": "12",
            "taxName": "IVA",
            "taxCode": "2",
            "taxRateCode": "2",
            "isWithholdingLine": ""
        },
        {
            "account": "1689",
            "code": "2.75% IMP.RENTA RETENIDO OTRAS RET. APLICABLES 2.75% (RTF 2.75%)",
            "detail": "",
            "quantity": "",
            "rate": "-12.38",
            "amount": "12.38",
            "taxAmount": ".00",
            "grossAmount": "12.38",
            "type": "Discount",
            "taxRate": "0",
            "taxName": "",
            "taxCode": "",
            "taxRateCode": "",
            "isWithholdingLine": "T"
        },
        {
            "account": "1689",
            "code": "2.75% IMP.RENTA RETENIDO OTRAS RET. APLICABLES 2.75% (RTF 2.75%)",
            "detail": "",
            "quantity": "",
            "rate": "-12.38",
            "amount": "12.38",
            "taxAmount": ".00",
            "grossAmount": "12.38",
            "type": "Discount",
            "taxRate": "0",
            "taxName": "",
            "taxCode": "",
            "taxRateCode": "",
            "isWithholdingLine": "T"
        },
        {
            "account": "1699",
            "code": "20% IVA RETENIDO EN SERVICIOS A C.E. 6 (IVA - 20% Serv.)",
            "detail": "IVA",
            "quantity": "",
            "rate": "-10.80",
            "amount": "10.80",
            "taxAmount": ".00",
            "grossAmount": "10.80",
            "type": "Discount",
            "taxRate": "0",
            "taxName": "",
            "taxCode": "",
            "taxRateCode": "",
            "isWithholdingLine": "T"
        },
        {
            "account": "1699",
            "code": "20% IVA RETENIDO EN SERVICIOS A C.E. 6 (IVA - 20% Serv.)",
            "detail": "IVA",
            "quantity": "",
            "rate": "-10.80",
            "amount": "10.80",
            "taxAmount": ".00",
            "grossAmount": "10.80",
            "type": "Discount",
            "taxRate": "0",
            "taxName": "",
            "taxCode": "",
            "taxRateCode": "",
            "isWithholdingLine": "T"
        }
    ]
}