[
    {
        "ordenServicioid": "30952",
        "ordenTrabajoid": "522",
        "clienteid": "431",
        "vehiculoid": "192",
        "tallerid": "",
        "consecionarioid": "2",
        "tecnicoid": "",
        "ordenServicio": "OS00000571",
        "ordenTrabajo": "OT0000000522",
        "ceduleruc": "20381041957",
        "cliente": "TS NET",
        "vehiculo": "PLC.:ABC-4011 MOT.:G3H7E0144011 CHA.:ME1RG4253N2044011 MAR.:KIA TIP.:SEDAN MOD.:SOLUTO LX AC 1.4 4P 4X2 TM COL.:AZUL192",
        "taller": "SIN ASIGNAR",
        "consecionario": "SIN CONCESIONARIO",
        "fechaTrabajo": "",
        "horaTrabajo": "",
        "comentario": "",
        "comentarioTec": "",
        "tecnico": "SIN ASIGNAR",
        "fueraCuidad": false,
        "fueraTaller": false,
        "producto": "MONITOREO",
        "direccion": "LIBERTADORES TEST",
        "email": "tsnet.evol@myevol.biz",
        "telefono": "+5939875236998",
        "motor": "G3H7E0144011",
        "chasis": "ME1RG4253N2044011",
        "tipoTrabajo": "VENT HM AMI EQUIPO",
        "nota": "",
        "consideracionTrabajoTecnico": "",
        "placaColor": "ABC-4011/AZUL",
        "marcaModeloVersion": "KIA/SOLUTO LX AC 1.4 4P 4X2 TM/FORD - EXPLORER XLT AWD",
        "trabajo": "VENT HM AMI EQUIPO;VENT HM AMI TRANSMISIÓN;",
        "serie": "",
        "modelo": "",
        "unidad": "",
        "vid": "",
        "ip": "",
        "simcard": "",
        "servidor": "",
        "fimware": "",
        "script": "",
        "apn": "",
        "imei": "",
        "ubicacion": ""
    },
    {
        "ordenServicioid": "31064",
        "ordenTrabajoid": "524",
        "clienteid": "431",
        "vehiculoid": "192",
        "tallerid": "",
        "consecionarioid": "2",
        "tecnicoid": "",
        "ordenServicio": "OS00000577",
        "ordenTrabajo": "OT0000000524",
        "ceduleruc": "20381041957",
        "cliente": "TS NET",
        "vehiculo": "PLC.:ABC-4011 MOT.:G3H7E0144011 CHA.:ME1RG4253N2044011 MAR.:KIA TIP.:SEDAN MOD.:SOLUTO LX AC 1.4 4P 4X2 TM COL.:AZUL192",
        "taller": "SIN ASIGNAR",
        "consecionario": "SIN CONCESIONARIO",
        "fechaTrabajo": "",
        "horaTrabajo": "",
        "comentario": "",
        "comentarioTec": "",
        "tecnico": "SIN ASIGNAR",
        "fueraCuidad": false,
        "fueraTaller": false,
        "producto": "MONITOREO",
        "direccion": "LIBERTADORES TEST",
        "email": "tsnet.evol@myevol.biz",
        "telefono": "+5939875236998",
        "motor": "G3H7E0144011",
        "chasis": "ME1RG4253N2044011",
        "tipoTrabajo": "VENT HM AMI EQUIPO",
        "nota": "",
        "consideracionTrabajoTecnico": "",
        "placaColor": "ABC-4011/AZUL",
        "marcaModeloVersion": "KIA/SOLUTO LX AC 1.4 4P 4X2 TM/FORD - EXPLORER XLT AWD",
        "trabajo": "VENT HM AMI EQUIPO;VENT HM AMI TRANSMISIÓN;",
        "serie": "",
        "modelo": "",
        "unidad": "",
        "vid": "",
        "ip": "",
        "simcard": "",
        "servidor": "",
        "fimware": "",
        "script": "",
        "apn": "",
        "imei": "",
        "ubicacion": ""
    },
    {
        "ordenServicioid": "31066",
        "ordenTrabajoid": "525",
        "clienteid": "431",
        "vehiculoid": "192",
        "tallerid": "10",
        "consecionarioid": "2",
        "tecnicoid": "36",
        "ordenServicio": "OS00000578",
        "ordenTrabajo": "OT0000000525",
        "ceduleruc": "20381041957",
        "cliente": "TS NET",
        "vehiculo": "PLC.:ABC-4011 MOT.:G3H7E0144011 CHA.:ME1RG4253N2044011 MAR.:KIA TIP.:SEDAN MOD.:SOLUTO LX AC 1.4 4P 4X2 TM COL.:AZUL192",
        "taller": "VERNAZA",
        "consecionario": "SIN CONCESIONARIO",
        "fechaTrabajo": "20/12/2023",
        "horaTrabajo": "10:00",
        "comentario": "",
        "comentarioTec": "",
        "tecnico": "E-00000019 DIEGO SEBASTIAN LOZADA LOPEZ",
        "fueraCuidad": false,
        "fueraTaller": false,
        "producto": "MONITOREO",
        "direccion": "LIBERTADORES TEST",
        "email": "tsnet.evol@myevol.biz",
        "telefono": "+5939875236998",
        "motor": "G3H7E0144011",
        "chasis": "ME1RG4253N2044011",
        "tipoTrabajo": "VENT HM AMI EQUIPO",
        "nota": "",
        "consideracionTrabajoTecnico": "",
        "placaColor": "ABC-4011/AZUL",
        "marcaModeloVersion": "KIA/SOLUTO LX AC 1.4 4P 4X2 TM/FORD - EXPLORER XLT AWD",
        "trabajo": "VENT HM AMI EQUIPO;VENT HM AMI TRANSMISIÓN;RELAY;",
        "serie": "CTCR0093",
        "modelo": "CR300B (3G)",
        "unidad": "CELLOCATOR",
        "vid": "192",
        "ip": "10.60.167.195",
        "simcard": "12101",
        "servidor": "ARES",
        "fimware": "1.19",
        "script": "V5.0.0",
        "apn": "mtm.movistar.ec",
        "imei": "860897061584207",
        "ubicacion": "10"
    },
    {
        "ordenServicioid": "31066",
        "ordenTrabajoid": "526",
        "clienteid": "431",
        "vehiculoid": "192",
        "tallerid": "10",
        "consecionarioid": "2",
        "tecnicoid": "",
        "ordenServicio": "OS00000578",
        "ordenTrabajo": "OT0000000526",
        "ceduleruc": "20381041957",
        "cliente": "TS NET",
        "vehiculo": "PLC.:ABC-4011 MOT.:G3H7E0144011 CHA.:ME1RG4253N2044011 MAR.:KIA TIP.:SEDAN MOD.:SOLUTO LX AC 1.4 4P 4X2 TM COL.:AZUL192",
        "taller": "VERNAZA",
        "consecionario": "SIN CONCESIONARIO",
        "fechaTrabajo": "",
        "horaTrabajo": "",
        "comentario": "",
        "comentarioTec": "No se pudo instalar el Paralizador",
        "tecnico": "SIN ASIGNAR",
        "fueraCuidad": false,
        "fueraTaller": false,
        "producto": "",
        "direccion": "LIBERTADORES TEST",
        "email": "tsnet.evol@myevol.biz",
        "telefono": "+5939875236998",
        "motor": "G3H7E0144011",
        "chasis": "ME1RG4253N2044011",
        "tipoTrabajo": "",
        "nota": "",
        "consideracionTrabajoTecnico": "",
        "placaColor": "ABC-4011/AZUL",
        "marcaModeloVersion": "KIA/SOLUTO LX AC 1.4 4P 4X2 TM/FORD - EXPLORER XLT AWD",
        "trabajo": "VENT HM AMI EQUIPO;VENT HM AMI TRANSMISIÓN;RELAY;",
        "serie": "",
        "modelo": "",
        "unidad": "",
        "vid": "",
        "ip": "",
        "simcard": "",
        "servidor": "",
        "fimware": "",
        "script": "",
        "apn": "",
        "imei": "",
        "ubicacion": ""
    }
]