[
    {
        "account": "1434",
        "code": "",
        "detail": "LIQUIDACION DE COMPRA ARRIENDO",
        "quantity": "",
        "rate": "",
        "amount": "480.82",
        "taxAmount": "",
        "grossAmount": "480.82",
        "type": "",
        "taxRate": "",
        "taxName": "",
        "taxCode": "",
        "taxRateCode": "",
        "isWithholdingLine": ""
    },
    {
        "account": "1284",
        "code": "",
        "detail": "ARRIENDO",
        "quantity": "",
        "rate": "",
        "amount": "450.00",
        "taxAmount": "54.00",
        "grossAmount": "450.00",
        "type": "",
        "taxRate": "12",
        "taxName": "IVA",
        "taxCode": "2",
        "taxRateCode": "2",
        "isWithholdingLine": ""
    },
    {
        "account": "1689",
        "code": "",
        "detail": "LIQUIDACION DE COMPRA ARRIENDO",
        "quantity": "",
        "rate": "",
        "amount": "12.38",
        "taxAmount": ".00",
        "grossAmount": "12.38",
        "type": "",
        "taxRate": "0",
        "taxName": "",
        "taxCode": "",
        "taxRateCode": "",
        "isWithholdingLine": "T"
    },
    {
        "account": "1699",
        "code": "",
        "detail": "LIQUIDACION DE COMPRA ARRIENDO",
        "quantity": "",
        "rate": "",
        "amount": "10.80",
        "taxAmount": ".00",
        "grossAmount": "10.80",
        "type": "",
        "taxRate": "0",
        "taxName": "",
        "taxCode": "",
        "taxRateCode": "",
        "isWithholdingLine": "T"
    }
]