{"id":"91172","type":"salesorder","isDynamic":true,"fields":{"billaddresslist":"154866","_eml_nkey_":"7451241_SB1~4~3~N","iseitf81on":"F","handlingmode":"SAVE_ONLY","custbody_ht_os_ejecutivareferencia":"502431","overallbalance":"-427.20","paymenteventdate":"20/09/2023 12:42","warnnexuschange":"F","custbody_ht_os_usaparalizador":"F","address_country_state_map":"[154866:EC]","entryformquerystring":"e=T&id=91172","checkcommitted":"F","version":"5","subsidiary":"2","subtotal":"2890.00","ignorecscvis":"F","nlapiCC":"F","totalcostestimate":"2880.00","disctax1amt":"0","custbody_ht_os_direccioncliente":"AV. Cesar Chavez 1526","custbody_ht_os_telefonocliente":"+51932142927","createddate":"20/09/2023 14:42","webstore":"F","rectype_150_1337_maxnkey":"491884","userevenuearrangement":"T","custbody_15699_exclude_from_ep_process":"F","isinstallment":"T","nsapiPI":"promotions.pageInit_applyPromo","custbody_ei_ds_txn_identifier":"F","currency":"1","hasfedexfreightservice":"F","email":"jesusc1967@hotmail.com","linked":"T","allowemptycards":"F","canhavestackable":"T","recordcreateddate":"09/20/2023 12:42:01","instrumentrequireslineleveldata":"F","custbody_sii_not_reported_in_time":"F","updatedropshiporderqty":"T","methodrequireslineleveldata":"F","custbody_ht_os_correocliente":"jesusc1967@hotmail.com","origstatus":"F","paymentsession":"7217","prevdate":"20/09/2023","saleseffectivedate":"20/09/2023","billingaddress_key":"155690","iseditbilledtransactionwithpromotion":"F","customform":"100","getauth":"F","persistedterms":"10","custbody_report_timestamp":"20/9/2023 12:37:40","origtotal2":"3236.8","custbody_ht_os_ejecutiva_backoffice":"502616","origcurrency":"1","nlloc":"2","prevrep":"502431","custbody_sii_is_third_party":"F","orderleveldata":"[]","rectype_1367_5117_maxnkey":"0","shipaddress":"JESUS ENRIQUE CORONADO DIAZ\nAV. Cesar Chavez 1526\n Balzar\nEcuador","isonlinetransaction":"F","tobeprinted":"F","ccapproved":"F","ignorecsc":"F","voided":"F","tobeemailed":"F","custbody_ht_os_aprobacionventa":"1","vatregnum":"07445426","recurannually":"0.00","custbody_ht_os_bien_flag":"1001120496","ignoreavsvis":"F","custbody_sii_article_72_73":"F","credholdoverride":"F","item_total":"2890.00","discpct":"","custbody_ts_ec_subsidiaria_pais":"63","custbody_ht_os_concesionario":"1304","ordrecvd":"T","recurmonthly":"0.00","custbodycustbody_ht_os_created_from_sa":"F","islegacypromo":"F","custbody_ht_so_bien":"1001120496","exchangerate":"1.00","custbody_edoc_gen_trans_pdf":"F","edition":"XX","entitynexus":"1","sys_id":"9147676174910127","tobefaxed":"F","nldept":"310","taxtotal":"346.80","custbody_4601_entitytype":"2","mindays":"0","ccprocessaspurchasecard":"F","class":"3","shipdate":"20/09/2023","manualcredithold":"F","shippingaddress_text":"JESUS ENRIQUE CORONADO DIAZ\nAV. Cesar Chavez 1526\n Balzar\nEcuador","custbody_ht_os_bancofinanciera":"1305","istransformedtransaction":"F","nlrole":"3","_csrf":"lNNPvW6SKP5SzJz3ghFIZAPxkM3vvBHcPYnsrJcHOYl2IE5lu60Yt5Ur064MYTxxtCCSWRSXPRBG7uZeRkjSwBg4fHOSM5pv1lGAjX-WkkX2KE8KEyEbOh7s3wwCVqIMfdUOEhBCsvlrqmxh03iAo22WnFJcEVQK5S_0gDeiI7s=","ntype":"31","custbody_ht_os_origenordenservicio":"1","signaturerequired":"F","shippingaddress_type":"shipaddr","location":"2","orderstatus":"F","paymentprocessingmode":"SAVE_ONLY","custbody_ht_os_permitirentrega":"F","trandate":"20/09/2023","generatetranidonsave":"T","type":"salesord","billisresidential":"F","bnopostmain":"T","dbstrantype":"SalesOrd","currencysymbol":"USD","profilesupportslineleveldata":"F","cccardid":"","originalnexus":"1","custbody_ht_os_saldovencido":"72.80","recordcreatedby":"502616","balance":"-427.20","terms":"10","origtotal":"3236.8","custbody_ht_os_identificacioncliente":"07445426","id":"91172","promotionapplied":"F","duedays":"30","taxroundinglevel":"LINE","paymenteventmagiczeroused":"F","shippingaddress2_set":"var subrecord = nlapiViewSubrecord('shippingaddress');\nvar addresstext;\nif (subrecord) {\n   addresstext = subrecord.getFieldValue('addrtext');\n} else {\n}\nnlapiSetFieldValue('shippingaddress_text', addresstext);\n","billaddress":"JESUS ENRIQUE CORONADO DIAZ\nAV. Cesar Chavez 1526\n Balzar\nEcuador","estgrossprofit":"10.00","originalnexuscountry":"EC","discdays":"","primarycurrency":"1.00","ccispurchasecardbin":"F","suppressusereventsandemails":"F","isrecurringpayment":"F","itemshippingcostfxrate":"1","discounttax1amountdata":"[]","status":"Pending Billing","taxfractionunit":"2","shipisresidential":"F","estgrossprofitpercent":"0.346%","primarycurrencyfxrate":"1.00","chargeit":"F","entityname":"C-EC-07445426 JESUS ENRIQUE CORONADO DIAZ","custbody_ht_os_otros_serv_inst":"","usepaymentoption":"T","cancustomergroupinvoices":"F","nluser":"4","shipoverride":"F","installmentcount":"1","custbody_es_cambio_de_propietario":"F","disablepromotionrecalc":"F","consolidatebalance":"-427.20","overrideholdchecked":"F","custbody_ht_os_trabajado":"S","salesrep":"502431","recurweekly":"0.00","iteminventorydetailhidden":"T","recurquarterly":"0.00","custbody_ht_facturar_a":"507136","istransformedbill":"F","overridehold":"F","currencyprecision":"2","carddataprovided":"F","custbody_ht_os_issue_invoice":"F","overallunbilledorders":"12678.40","onetime":"0.00","entity":"507136","shipcomplete":"F","nlsub":"2","entity_nexus_country":"EC","cchold":"F","nsapiRC":"promotions.recalc_applyPromo","companyid":"507136","forinvoicegrouping":"F","nextbill":"20/12/2023","billingaddress_text":"JESUS ENRIQUE CORONADO DIAZ\nAV. Cesar Chavez 1526\n Balzar\nEcuador","custbody_ht_os_companiaseguros":"1303","discounttotal":"0.00","transactionnumber":"SALESORD1296","unbilledorders":"12678.40","weekendpreference":"ASIS","paymentcancelable":"F","threedstatuscodevis":"F","ccwasapproved":"F","billingaddress_type":"shipaddr","credholdentity":"507136","canbeunapproved":"F","origexchangerate":"1.00","paymenteventtype":"AUTHORIZATION","haslines":"T","balreadyrefunded":"F","oldrevenuecommitment":"F","taxrounding":"OFF","ignoreavs":"F","hasordbilllink":"T","custbody_ht_os_aprobacioncartera":"1","nexus":"1","shipaddresslist":"154866","isbasecurrency":"T","datedriven":"F","custcurrep":"502431","nsapiCT":"1695317904230","total":"3236.80","shippingaddress_key":"155690","custbody_sii_article_61d":"F","custbody_psg_ei_trans_edoc_standard":"2","paymentsessionamount":"3236.80","statusRef":"pendingBilling","nexus_country":"EC","department":"1","billingaddress2_set":"var subrecord = nlapiViewSubrecord('billingaddress');\nvar addresstext;\nif (subrecord) {\n   addresstext = subrecord.getFieldValue('addrtext');\n} else {\n}\nnlapiSetFieldValue('billingaddress_text', addresstext);\n","tranid":"1200001033","internalinstrument":"F","templatestored":"T","custbody_ht_os_vendcanaldistribucion":"507149","shipcountry":"EC","lastmodifieddate":"20/09/2023 15:04","tax_affecting_address_fields_before_recalc":"city\u0003\u0004state\u0003\u0004zip\u0003\u0004country\u0003EC","entityfieldname":"entity","currencyname":"US Dollar","baserecordtype":"salesorder","carrier":"nonups","linkedclosedperioddiscounts":"F","linkedrevrecje":"F"},"sublists":{"recmachcustrecord_deprhistjournal":{"currentline":{"custrecord_deprhistaccountingbook":"","custrecord_deprhistamount":"","custrecord_deprhistassetslave":"","custrecord_deprhistbookvalue":"","custrecord_deprhistcurrentage":"0","custrecord_deprhistdate":"","custrecord_deprhistjournal":"91172","custrecord_deprhistory_schedule":"F","custrecord_deprhistory_scheduled_nbv":"","custrecord_deprhistperiodnum":"","custrecord_deprhistpriornbv":"","custrecord_deprhistquantity":"","custrecord_deprhisttype":"","id":"","name":"","owner":"","recordischanged":"","sys_id":"-9147676181231309","sys_parentid":"9147676174910127","version":"","#":"1"}},"promotions":{"currentline":{"applicabilitymode":"MANUALLY","applicabilityreason":"N/A","applicabilitystatus":"N/A","cannotbecombined":"","couponcode":"","discount":"","discountingshippingmethodid":"","discountistaxable":"","discountrate":"","eligiblefreegifts":"","freegiftperpromotion":"","freegiftsadded":"","isnewpromotiontype":"","isorderleveldiscount":"","legacypromodiscountbasis":"","legacypromodiscounttax2basis":"","legacypromodiscounttaxbasis":"","orderleveldiscountasbasis":"","promocode":"","promotioncodeerror":"","promotionisvalid":"","promotiontype":"","purchasediscount":"","shippingdiscount":"","sys_id":"-9147676181303545","sys_parentid":"9147676174910127","#":"1"}},"paymentevent":{},"recmachcustrecord_2663_transaction":{"currentline":{"custrecord_2663_batch":"","id":"","owner":"","rec1367seqnum":"","rec1367view":"","recordischanged":"","sys_id":"-9147676181257416","sys_parentid":"9147676174910127","#":"1"}},"item":{"currentline":{"amount":"","amounthasbeenset":"F","attachedtorevenueelement":"","averagecost":"","backordered":"","billingschedule":"","billingscheduletype":"","billingscheduleval":"","billvariancestatus":"","billvariancestatusallbook":"","bsapplytosubtotal":"","bsrecurrencetotal":"","chargetype":"","class":"","commitinventory":"","commitmentfirm":"","costestimate":"","costestimaterate":"","costestimatetype":"","costestimatetypelist":"","createpo":"","cseg1":"","cseg2":"","custcol_2663_companyname":"","custcol_2663_firstname":"","custcol_2663_isperson":"F","custcol_2663_lastname":"","custcol_4601_itemdefaultwitaxcode":"","custcol_4601_witaxamount":"","custcol_4601_witaxapplies":"F","custcol_4601_witaxbaseamount":"","custcol_4601_witaxcode":"","custcol_4601_witaxline":"","custcol_4601_witaxrate":"","custcol_9572_cr_entitybank_format":"","custcol_9572_cr_entitybank_sub":"","custcol_9572_custref_file_format":"","custcol_country_of_origin_code":"","custcol_country_of_origin_name":"","custcol_ht_os_asientoprovision":"F","custcol_ht_os_boton_panico":"F","custcol_ht_os_cambio_fecha":"","custcol_ht_os_cliente":"","custcol_ht_os_cliente_monitoreo":"","custcol_ht_os_fichamedica":"","custcol_ht_os_nivelprecio":"","custcol_ht_os_paralizador":"F","custcol_ht_os_select_bien":"","custcol_ht_os_solicitaaprobacion":"F","custcol_ht_os_tipoarticulo":"","custcol_ht_so_cost_account":"","custcol_ht_so_cost_account_provision":"","custcol_ht_so_income_account":"","custcol_ht_so_income_account_pro":"","custcol_nature_of_transaction_codes":"","custcol_ns_codigo_origen":"","custcol_statistical_value_base_curr":"0.00","custcol_ts_dispositivo_en_custodia":"","custcol_ts_ec_codigo_retencion":"","custcol_ts_ec_descuento_para_ventas":"","custreferralcode":"","ddistrib":"","department":"","description":"","directrevenueposting":"","discline":"","dropshiporderhasbeenshiprecv":"","dropshipwarningdisplayed":"","excludefrompredictiverisk":"","excludefromraterequest":"","freegiftpromotion":"","fromjob":"","fulfillable":"","generateaccruals":"","grossamt":"","groupclosed":"F","groupsetup":"","id":"","includegroupwrapper":"","ingroup":"","initoqpbucket":"","initquantity":"","isclosed":"","isdropshiporderline":"","isestimate":"","islinefulfilled":"","isnoninventory":"","isopen":"","isposting":"","isspecialorderline":"","item":"","itempacked":"","itempicked":"","itemsubtype":"","itemtype":"","job":"","line":"","linenumber":"","lineuniquekey":"","linked":"","linkeddropship":"","linkedordbill":"","linkedshiprcpt":"","location":"","mandatorylocation":"T","mandatorytaxcode":"T","marginal":"","minqty":"","noprint":"","oldcommitmentfirm":"","olditemid":"","onorder":"","options":"","oqpbucket":"","orderpriority":"","origlocation":"","origquantity":"","origsubscriptionneedsrefresh":"","origunits":"","poid":"","pomarginal":"","pooverallqtydisc":"","poqtygroup":"","porate":"","poratesched":"","povendor":"","price":"","priceintervalfrequency":"","priceintervalfrequencyname":"","priceintervalrepeatevery":"","pricelevels":"","printitems":"","quantity":"","quantityavailable":"","quantitybackordered":"","quantitybilled":"","quantitycommitted":"","quantityfulfilled":"","quantityonhand":"","quantitypickpackship":"","rate":"","rateschedule":"","refamt":"","reorder":"","revrecdeferred":"","subscription":"","subscriptionline":"","subscriptionlineperiodamount":"","subscriptionlinerate":"","subscriptionlinetype":"","subscriptionmodified":"","subscriptionneedsrefresh":"","sys_id":"-9147676181053730","sys_parentid":"9147676174910127","tax1amt":"","taxcode":"","taxrate1":"","unitconversionrate":"","units":"","unitslist":"","#":"3"},"line 1":{"amount":"10.00","amounthasbeenset":"F","attachedtorevenueelement":"F","averagecost":"0.00","backordered":"8","billingschedule":"7","billingschedule_display":"CONTADO","billingscheduletype":"STD","billingscheduleval":null,"billvariancestatus":null,"billvariancestatusallbook":"F","bsapplytosubtotal":"F","bsrecurrencetotal":"0.00","chargetype":null,"class":null,"class_display":null,"commitinventory":"1","commitmentfirm":"F","costestimate":"0.00","costestimaterate":"0.00","costestimatetype":"AVGCOST","costestimatetype_display":"Average Cost","costestimatetypelist":"AVGCOST\u0005CUSTOM\u0005ITEMDEFINED\u0005LASTPURCHPRICE\u0005PREFVENDORRATE\u0005PURCHORDERRATE\u0005PURCHPRICE","createpo":null,"cseg1":"4","cseg2":"50","custcol_2663_companyname":null,"custcol_2663_firstname":null,"custcol_2663_isperson":null,"custcol_2663_lastname":null,"custcol_4601_itemdefaultwitaxcode":null,"custcol_4601_witaxamount":null,"custcol_4601_witaxapplies":"F","custcol_4601_witaxbaseamount":null,"custcol_4601_witaxcode":null,"custcol_4601_witaxline":null,"custcol_4601_witaxrate":null,"custcol_9572_cr_entitybank_format":null,"custcol_9572_cr_entitybank_sub":null,"custcol_9572_custref_file_format":null,"custcol_country_of_origin_code":null,"custcol_country_of_origin_name":null,"custcol_ht_os_asientoprovision":"F","custcol_ht_os_boton_panico":"F","custcol_ht_os_cambio_fecha":null,"custcol_ht_os_cliente":null,"custcol_ht_os_cliente_display":null,"custcol_ht_os_cliente_monitoreo":"507171","custcol_ht_os_cliente_monitoreo_display":"C-EC-45242476 DAVID ALONSO ESPEJO CORNEJO","custcol_ht_os_fichamedica":null,"custcol_ht_os_nivelprecio":"PVP","custcol_ht_os_paralizador":"F","custcol_ht_os_select_bien":null,"custcol_ht_os_select_bien_display":null,"custcol_ht_os_solicitaaprobacion":null,"custcol_ht_os_tipoarticulo":"Artículo de inventario","custcol_ht_so_cost_account":"1259","custcol_ht_so_cost_account_display":"51124010000 COSTO DISPOSITIVO HUNTER MONITOREO","custcol_ht_so_cost_account_provision":"1258","custcol_ht_so_cost_account_provision_display":"51124000000 COSTO DE VENTA HUNTER MONITOREO","custcol_ht_so_income_account":"892","custcol_ht_so_income_account_display":"41129010000 VENTA DISPOSITIVO HUNTER MONITOREO","custcol_ht_so_income_account_pro":"3018","custcol_ht_so_income_account_pro_display":"11005010110 INVENT. EN TRANSITO H. MONITOREO(PEND.DE FACT.)","custcol_nature_of_transaction_codes":null,"custcol_ns_codigo_origen":null,"custcol_ns_codigo_origen_display":null,"custcol_statistical_value_base_curr":"0.00","custcol_ts_dispositivo_en_custodia":null,"custcol_ts_ec_codigo_retencion":null,"custcol_ts_ec_codigo_retencion_display":null,"custcol_ts_ec_descuento_para_ventas":null,"custreferralcode":null,"ddistrib":"01/01/1970","department":null,"department_display":null,"description":"ALQU HM BASICO EQUIPO ALQUILER","directrevenueposting":"T","discline":null,"dropshiporderhasbeenshiprecv":"T","dropshipwarningdisplayed":"F","excludefrompredictiverisk":"F","excludefromraterequest":"F","freegiftpromotion":null,"fromjob":"F","fulfillable":"T","generateaccruals":"T","grossamt":"11.20","groupclosed":"F","groupsetup":null,"id":"91172_1","includegroupwrapper":"F","ingroup":null,"initoqpbucket":null,"initquantity":"1","isclosed":"F","isdropshiporderline":"F","isestimate":"F","islinefulfilled":"F","isnoninventory":"F","isopen":"F","isposting":"T","isspecialorderline":"F","item":"38204","item_display":"9829 ALQU HM BASICO EQUIPO ALQUILER","itempacked":"T","itempicked":"T","itemsubtype":null,"itemtype":"InvtPart","job":null,"job_display":null,"line":"1","linenumber":null,"lineuniquekey":"152698","linked":"T","linkeddropship":"F","linkedordbill":"T","linkedshiprcpt":"T","location":"2","location_display":"Guayaquil Matriz","mandatorylocation":"T","mandatorytaxcode":"T","marginal":"F","minqty":null,"noprint":"F","oldcommitmentfirm":"F","olditemid":"38204","onorder":"0","options":null,"oqpbucket":null,"orderpriority":null,"origlocation":"2","origquantity":"1","origsubscriptionneedsrefresh":null,"origunits":"1","poid":null,"pomarginal":"F","pooverallqtydisc":null,"poqtygroup":null,"porate":"0.00","poratesched":null,"povendor":null,"price":"1","price_display":"PVP","priceintervalfrequency":null,"priceintervalfrequencyname":null,"priceintervalrepeatevery":null,"pricelevels":"1\u00058\u00052\u00057\u00053\u00054\u00056\u0005-1","printitems":"F","quantity":"1","quantityavailable":"1","quantitybackordered":"0","quantitybilled":"1","quantitycommitted":"0","quantityfulfilled":"1","quantityonhand":"12","quantitypickpackship":"1","rate":"10.00","rateschedule":"0\u000510.00","refamt":"10.00","reorder":null,"revrecdeferred":null,"subscription":null,"subscription_display":null,"subscriptionline":null,"subscriptionlineperiodamount":null,"subscriptionlinerate":null,"subscriptionlinetype":null,"subscriptionmodified":null,"subscriptionneedsrefresh":null,"sys_id":"9147676220701456","sys_parentid":"9147676174910127","tax1amt":"1.20","taxcode":"26","taxcode_display":"VAT_EC:S-EC","taxrate1":"12.0%","unitconversionrate":"1","units":"1","units_display":"UND","unitslist":"1"},"line 2":{"amount":"2880.00","amounthasbeenset":"F","attachedtorevenueelement":"F","averagecost":null,"backordered":"0","billingschedule":"1","billingschedule_display":"RECURRENTE A 12 MESES","billingscheduletype":"STD","billingscheduleval":null,"billvariancestatus":null,"billvariancestatusallbook":"F","bsapplytosubtotal":"F","bsrecurrencetotal":"0.00","chargetype":null,"class":null,"class_display":null,"commitinventory":null,"commitmentfirm":"F","costestimate":"2880.00","costestimaterate":"240.00","costestimatetype":"ITEMDEFINED","costestimatetype_display":"Item Defined Cost","costestimatetypelist":"CUSTOM\u0005ITEMDEFINED","createpo":null,"cseg1":"4","cseg2":"50","custcol_2663_companyname":null,"custcol_2663_firstname":null,"custcol_2663_isperson":null,"custcol_2663_lastname":null,"custcol_4601_itemdefaultwitaxcode":null,"custcol_4601_witaxamount":null,"custcol_4601_witaxapplies":"F","custcol_4601_witaxbaseamount":null,"custcol_4601_witaxcode":null,"custcol_4601_witaxline":null,"custcol_4601_witaxrate":null,"custcol_9572_cr_entitybank_format":null,"custcol_9572_cr_entitybank_sub":null,"custcol_9572_custref_file_format":null,"custcol_country_of_origin_code":null,"custcol_country_of_origin_name":null,"custcol_ht_os_asientoprovision":"F","custcol_ht_os_boton_panico":"F","custcol_ht_os_cambio_fecha":null,"custcol_ht_os_cliente":null,"custcol_ht_os_cliente_display":null,"custcol_ht_os_cliente_monitoreo":null,"custcol_ht_os_cliente_monitoreo_display":null,"custcol_ht_os_fichamedica":null,"custcol_ht_os_nivelprecio":"PVP","custcol_ht_os_paralizador":"F","custcol_ht_os_select_bien":null,"custcol_ht_os_select_bien_display":null,"custcol_ht_os_solicitaaprobacion":"F","custcol_ht_os_tipoarticulo":"Servicio","custcol_ht_so_cost_account":null,"custcol_ht_so_cost_account_display":null,"custcol_ht_so_cost_account_provision":null,"custcol_ht_so_cost_account_provision_display":null,"custcol_ht_so_income_account":"1139","custcol_ht_so_income_account_display":"42202020000 SERVICIO RENTING HUNTER MONITOREO","custcol_ht_so_income_account_pro":null,"custcol_ht_so_income_account_pro_display":null,"custcol_nature_of_transaction_codes":null,"custcol_ns_codigo_origen":null,"custcol_ns_codigo_origen_display":null,"custcol_statistical_value_base_curr":"0.00","custcol_ts_dispositivo_en_custodia":null,"custcol_ts_ec_codigo_retencion":null,"custcol_ts_ec_codigo_retencion_display":null,"custcol_ts_ec_descuento_para_ventas":null,"custreferralcode":null,"ddistrib":null,"department":null,"department_display":null,"description":"ALQU HM BASICO SERVICIO ALQUILER\n","directrevenueposting":"T","discline":null,"dropshiporderhasbeenshiprecv":"T","dropshipwarningdisplayed":"F","excludefrompredictiverisk":"F","excludefromraterequest":"F","freegiftpromotion":null,"fromjob":"F","fulfillable":"F","generateaccruals":"F","grossamt":"3225.60","groupclosed":"F","groupsetup":null,"id":"91172_2","includegroupwrapper":"F","ingroup":null,"initoqpbucket":null,"initquantity":"12","isclosed":"F","isdropshiporderline":"F","isestimate":"F","islinefulfilled":"F","isnoninventory":"F","isopen":"T","isposting":"T","isspecialorderline":"F","item":"39620","item_display":"9830 ALQU HM BASICO SERVICIO ALQUILER","itempacked":"T","itempicked":"T","itemsubtype":"Sale","itemtype":"Service","job":null,"job_display":null,"line":"2","linenumber":null,"lineuniquekey":"152699","linked":"T","linkeddropship":"F","linkedordbill":"T","linkedshiprcpt":"T","location":"2","location_display":"Guayaquil Matriz","mandatorylocation":"T","mandatorytaxcode":"T","marginal":"F","minqty":null,"noprint":"F","oldcommitmentfirm":"F","olditemid":"39620","onorder":"0","options":null,"oqpbucket":null,"orderpriority":null,"origlocation":"2","origquantity":"12","origsubscriptionneedsrefresh":null,"origunits":"12","poid":null,"pomarginal":"F","pooverallqtydisc":null,"poqtygroup":null,"porate":"0.00","poratesched":null,"povendor":null,"price":"1","price_display":"PVP","priceintervalfrequency":null,"priceintervalfrequencyname":null,"priceintervalrepeatevery":null,"pricelevels":"1\u00058\u0005-1","printitems":"F","quantity":"12","quantityavailable":null,"quantitybackordered":null,"quantitybilled":"2","quantitycommitted":null,"quantityfulfilled":null,"quantityonhand":null,"quantitypickpackship":"2","rate":"240.00","rateschedule":"0\u0005240.00","refamt":"2880.00","reorder":null,"revrecdeferred":null,"subscription":null,"subscription_display":null,"subscriptionline":null,"subscriptionlineperiodamount":null,"subscriptionlinerate":null,"subscriptionlinetype":null,"subscriptionmodified":null,"subscriptionneedsrefresh":null,"sys_id":"9147676220596708","sys_parentid":"9147676174910127","tax1amt":"345.60","taxcode":"26","taxcode_display":"VAT_EC:S-EC","taxrate1":"12.0%","unitconversionrate":"1","units":"12","units_display":"MES","unitslist":"12\u000513"}},"transformations":{},"billingschedule":{"line 1":{"billamount":"11.20","billdate":"20/09/2023","sys_id":"9147676220760855","sys_parentid":"9147676174910127"},"line 2":{"billamount":"268.80","billdate":"20/10/2023","sys_id":"9147676220757719","sys_parentid":"9147676174910127"},"line 3":{"billamount":"268.80","billdate":"20/11/2023","sys_id":"9147676220755222","sys_parentid":"9147676174910127"},"line 4":{"billamount":"268.80","billdate":"20/12/2023","sys_id":"9147676220752714","sys_parentid":"9147676174910127"},"line 5":{"billamount":"268.80","billdate":"20/01/2024","sys_id":"9147676220750179","sys_parentid":"9147676174910127"},"line 6":{"billamount":"268.80","billdate":"20/02/2024","sys_id":"9147676220747625","sys_parentid":"9147676174910127"},"line 7":{"billamount":"268.80","billdate":"20/03/2024","sys_id":"9147676220744975","sys_parentid":"9147676174910127"},"line 8":{"billamount":"268.80","billdate":"20/04/2024","sys_id":"9147676220742396","sys_parentid":"9147676174910127"},"line 9":{"billamount":"268.80","billdate":"20/05/2024","sys_id":"9147676220739512","sys_parentid":"9147676174910127"},"line 10":{"billamount":"268.80","billdate":"20/06/2024","sys_id":"9147676220736758","sys_parentid":"9147676174910127"},"line 11":{"billamount":"268.80","billdate":"20/07/2024","sys_id":"9147676220733850","sys_parentid":"9147676174910127"},"line 12":{"billamount":"268.80","billdate":"20/08/2024","sys_id":"9147676220730655","sys_parentid":"9147676174910127"},"line 13":{"billamount":"268.80","billdate":"20/09/2024","sys_id":"9147676220725947","sys_parentid":"9147676174910127"}},"links":{"line 1":{"id":"91373","linktype":"Receipt/Fulfillment","linkurl":"/app/accounting/transactions/itemship.nl?whence=","status":"Shipped","sys_id":"9147676220785070","sys_parentid":"9147676174910127","total":null,"trandate":"20/09/2023","tranid":"EJ-00000297","type":"Item Fulfillment"},"line 2":{"id":"91377","linktype":"Receipt/Fulfillment","linkurl":"/app/accounting/transactions/custinvc.nl?whence=","status":"Paid In Full","sys_id":"9147676220780387","sys_parentid":"9147676174910127","total":"268.80","trandate":"20/09/2023","tranid":"FA-001-001-00000649","type":"Invoice"},"line 3":{"id":"91375","linktype":"Order Bill/Invoice","linkurl":"/app/accounting/transactions/custinvc.nl?whence=","status":"Paid In Full","sys_id":"9147676220775619","sys_parentid":"9147676174910127","total":"11.20","trandate":"20/09/2023","tranid":"FA-001-001-00000648","type":"Invoice"},"line 4":{"id":"91381","linktype":"Receipt/Fulfillment","linkurl":"/app/accounting/transactions/custinvc.nl?whence=","status":"Paid In Full","sys_id":"9147676220768382","sys_parentid":"9147676174910127","total":"268.80","trandate":"20/11/2023","tranid":"FA-001-001-00000650","type":"Invoice"}}}}