{"lines":[{"externalid":"Nomina_enero_01_2023","subsidiary":"2","date":"19/01/2023","account":"1010","debit":"100","credit":"0","memo":"Asientos de Nómina EVOLUTION","class":"Venta","department":"Caja","location":"Guayaquil Matriz"},{"externalid":"Nomina_enero_01_2023","subsidiary":"2","date":"19/01/2023","account":"1180","debit":"0","credit":"100","memo":"Asientos de Nómina EVOLUTION","class":"Venta","department":"Caja","location":"Guayaquil Matriz"},{"externalid":"Nomina_enero_01_2023","subsidiary":"2","date":"19/01/2023","account":"1010","debit":"100","credit":"0","memo":"Asientos de Nómina EVOLUTION","class":"Venta","department":"Caja","location":"Guayaquil Matriz"},{"externalid":"Nomina_enero_01_2023","subsidiary":"2","date":"19/01/2023","account":"1180","debit":"0","credit":"100","memo":"Asientos de Nómina EVOLUTION","class":"Venta","department":"Caja","location":"Guayaquil Matriz"}]}