{"lines":[{"externalid":"Nomina_enero_01_2023","subsidiary":"2","date":"11/09/2023","account":"11004010100 CLIENTES NO RELACIONADOS","debit":"100","credit":"0","memo":"Asientos de Nómina EVOLUTION","class":"Venta","department":"Caja","location":"Guayaquil Matriz"},{"externalid":"Nomina_enero_01_2023","subsidiary":"2","date":"11/09/2023","account":"11004010100 CLIENTES NO RELACIONADOS","debit":"0","credit":"100","memo":"Asientos de Nómina EVOLUTION","class":"Venta","department":"Caja","location":"Guayaquil Matriz"}]}