External ID;Subsidiary;Date;Account;Debit;Credit;Memo;Class;Department;Location
nomina_19_01_2023_15_39_29;2;19/01/2023;1010;100;0;Asientos de Nómina EVOLUTION EN SESION;Venta;Caja;Guayaquil Matriz
nomina_19_01_2023_15_39_29;2;19/01/2023;1180;0;100;Asientos de Nómina EVOLUTION EN SESION;Venta;Caja;Guayaquil Matriz
nomina_19_01_2023_15_39_29;2;19/01/2023;1010;100;0;Asientos de Nómina EVOLUTION EN SESION;Venta;Caja;Guayaquil Matriz
nomina_19_01_2023_15_39_29;2;19/01/2023;1180;0;100;Asientos de Nómina EVOLUTION EN SESION;Venta;Caja;Guayaquil Matriz
